{
	"id":1,
	"image":"cloud://yuncloud-k0dms.7975-yuncloud-k0dms-1254250118/list/b1.jpg",
	"title":"稻城亚丁",
	"list":"成都直飞稻城亚丁4天3晚自由行（景区住宿+独立用车+豪华酒店）",
	"label":"豪华酒店",
	"price":449,
	"buy":49
}
{
	"id":2,
	"image":"cloud://yuncloud-k0dms.7975-yuncloud-k0dms-1254250118/list/b2.jpg",
	"title":"青海旅游自由",
	"list":"4天3晚 青海旅游自由行祁连张掖七彩丹霞西北甘肃青海湖西宁拼车",
	"label":"七彩丹霞",
	"price":1300,
	"buy":57
}
{
	"id":3,
	"image":"cloud://yuncloud-k0dms.7975-yuncloud-k0dms-1254250118/list/b3.jpg",
	"title":"恩施旅游",
	"list":"恩施旅游5日游 大峡谷屏山峡谷悬浮船网红狮子关 特色餐 暑假特惠",
	"label":"特色餐",
	"price":1590,
	"buy":143
}
{
	"id":4,
	"image":"cloud://yuncloud-k0dms.7975-yuncloud-k0dms-1254250118/list/b4.jpg",
	"title":"乌兰布统草原",
	"list":"飞猪专线 坝上草原 塞罕坝森林木兰围场乌兰布统草原3天2晚跟团游",
	"label":"塞罕坝森林木兰",
	"price":590,
	"buy":997
}
{
	"id":5,
	"image":"cloud://yuncloud-k0dms.7975-yuncloud-k0dms-1254250118/list/b5.jpg",
	"title":"三沙市西沙自由行",
	"list":"海南西沙群岛旅游南海之梦号邮轮4天3晚西沙邮轮三沙市西沙自由行",
	"label":"西沙群岛旅游",
	"price":1949,
	"buy":211
}
{
	"id":6,
	"image":"cloud://yuncloud-k0dms.7975-yuncloud-k0dms-1254250118/list/b6.jpg",
	"title":"首尾住北海",
	"list":"北海+涠洲岛5天4晚自由行~首尾住北海~中间住岛上~免费接送站",
	"label":"免费接送站",
	"price":799,
	"buy":177
}
{
	"id":7,
	"image":"cloud://yuncloud-k0dms.7975-yuncloud-k0dms-1254250118/list/b7.jpg",
	"title":"香格里拉雪山亲子",
	"list":"云南旅游大理丽江5天4晚泸沽湖香格里拉雪山亲子度假纯玩自由旅游",
	"label":"云南旅游",
	"price":998,
	"buy":466
}
{
	"id":8,
	"image":"cloud://yuncloud-k0dms.7975-yuncloud-k0dms-1254250118/list/b8.jpg",
	"title":"张家界旅游",
	"list":"张家界旅游纯玩小团3天2晚玻璃桥天门山凤凰4人住五星",
	"label":"住五星",
	"price":688,
	"buy":892
}
{
	"id":9,
	"image":"cloud://yuncloud-k0dms.7975-yuncloud-k0dms-1254250118/list/b9.jpg",
	"title":"贵州旅游贵阳",
	"list":"贵州旅游贵阳黄果树西江苗寨小七孔梵净山镇远纯玩3天2晚",
	"label":"贵阳黄果树西江",
	"price":499,
	"buy":1033
}
{
	"id":10,
	"image":"cloud://yuncloud-k0dms.7975-yuncloud-k0dms-1254250118/list/b10.jpg",
	"title":"重庆到宜昌",
	"list":"长江三峡游轮旅游 重庆到宜昌 三峡游轮总统六七八号豪华邮轮船票",
	"label":"豪华邮轮船票",
	"price":1899,
	"buy":818
}
{
	"id":11,
	"image":"cloud://yuncloud-k0dms.7975-yuncloud-k0dms-1254250118/list/b11.jpg",
	"title":"西沙群岛旅游",
	"list":"西沙群岛旅游南海之梦号4天3晚海南三亚出发三沙西沙航线纯玩邮轮",
	"label":"航线纯玩邮轮",
	"price":3350,
	"buy":24
}
{
	"id":12,
	"image":"cloud://yuncloud-k0dms.7975-yuncloud-k0dms-1254250118/list/b12.jpg",
	"title":"自驾旅拍亲子家庭",
	"list":"三亚5天4晚自由行五星酒店独栋泳池别墅自驾旅拍亲子家庭纯玩游",
	"label":"五星酒店独栋泳池",
	"price":1950,
	"buy":261
}
{
	"id":13,
	"image":"cloud://yuncloud-k0dms.7975-yuncloud-k0dms-1254250118/list/b13.jpg",
	"title":"厦门双人自由行",
	"list":"厦门双人自由行 4天3晚住厦大附近海边别墅送接机及鼓浪屿船票",
	"label":"别墅送接机",
	"price":998,
	"buy":42
}
{
	"id":14,
	"image":"cloud://yuncloud-k0dms.7975-yuncloud-k0dms-1254250118/list/b14.jpg",
	"title":"丽江大理泸沽湖旅游",
	"list":"【热卖中】云南旅游直飞丽江大理泸沽湖旅游6天跟团游网红新选",
	"label":"网红新选",
	"price":2330,
	"buy":782
}
{
	"id":15,
	"image":"cloud://yuncloud-k0dms.7975-yuncloud-k0dms-1254250118/list/b15.jpg",
	"title":"陕西西安旅游",
	"list":"西安三日游 陕西西安旅游3日游纯玩3天2晚跟团游兵马俑晚住华山",
	"label":"跟团游兵马俑",
	"price":878,
	"buy":216
}
{
	"id":16,
	"image":"cloud://yuncloud-k0dms.7975-yuncloud-k0dms-1254250118/list/b16.jpg",
	"title":"双人两天一晚",
	"list":"东极岛东福山住宿双人两天一晚自由行大海之子住宿加东极岛船票",
	"label":"大海之子住宿",
	"price":1200,
	"buy":42
}
{
	"id":17,
	"image":"cloud://yuncloud-k0dms.7975-yuncloud-k0dms-1254250118/list/b17.jpg",
	"title":"虾峙岛自由行",
	"list":"虾峙岛自由行2天1晚 精品海岛度假酒店 戏逐沙滩碧海蓝天假日推荐",
	"label":"假日推荐",
	"price":480,
	"buy":46
}
{
	"id":18,
	"image":"cloud://yuncloud-k0dms.7975-yuncloud-k0dms-1254250118/list/b18.jpg",
	"title":"双人自由行",
	"list":"厦门旅游 4天3晚双人自由行 住海边别墅三晚 含接机及鼓浪屿船票",
	"label":"住海边别墅",
	"price":898,
	"buy":62
}