{
	"id":1,
	"image":"cloud://yuncloud-k0dms.7975-yuncloud-k0dms-1254250118/list/e1.webp",
	"title":"亲子蜜月旅游机票",
	"list":"泰国普吉5-7天自由行亲子蜜月旅游机票+酒店专车接送机飞猪尾单",
	"label":"泰国普吉",
	"price":2780,
	"buy":314
}
{
	"id":2,
	"image":"cloud://yuncloud-k0dms.7975-yuncloud-k0dms-1254250118/list/e2.webp",
	"title":"丽江·自由行",
	"list":"云南旅游 丽江大理泸沽湖香格里拉半自助自由行6天5晚",
	"label":"泰国普吉",
	"price":1580,
	"buy":531
}
{
	"id":3,
	"image":"cloud://yuncloud-k0dms.7975-yuncloud-k0dms-1254250118/list/e3.webp",
	"title":"长滩岛·自由行",
	"list":"【无边泳池】菲律宾长滩岛旅游自由行6天5晚香格里拉酒店含接送机",
	"label":"菲律宾长滩岛",
	"price":1799,
	"buy":269
}
{
	"id":4,
	"image":"cloud://yuncloud-k0dms.7975-yuncloud-k0dms-1254250118/list/e4.webp",
	"title":"普吉·自由行",
	"list":"泰国普吉岛旅游悦榕庄泳池别墅6天5晚亲子自由行机票酒店赠电话卡",
	"label":"亲子自由行",
	"price":2699,
	"buy":1077
}
{
	"id":5,
	"image":"cloud://yuncloud-k0dms.7975-yuncloud-k0dms-1254250118/list/e5.webp",
	"title":"普吉·自由行",
	"list":"泰国旅游全国直飞普吉自由行普吉旅游精选酒店6天5晚送攻略电话卡",
	"label":"普吉旅游精选酒店",
	"price":2380,
	"buy":251
}
{
	"id":6,
	"image":"cloud://yuncloud-k0dms.7975-yuncloud-k0dms-1254250118/list/e6.webp",
	"title":"三亚·自由行",
	"list":"【希尔顿泳池房】海南三亚5天4晚亲子旅游自由行蜈支洲岛酒店别墅",
	"label":"支洲岛酒店别墅",
	"price":2090,
	"buy":5080
}