{
	"id":1,
	"image":"cloud://yuncloud-k0dms.7975-yuncloud-k0dms-1254250118/list/c1.jpg",
	"title":"三亚租车",
	"list":"三亚租车敞篷跑车自驾保时捷718宝马甲壳虫法拉利加州458兰博基尼",
	"label":"法拉利加州",
	"price":80,
	"buy":81
}
{
	"id":2,
	"image":"cloud://yuncloud-k0dms.7975-yuncloud-k0dms-1254250118/list/c2.jpg",
	"title":"上海星空错觉",
	"list":"[上海星空错觉艺术馆-大门票]上海外滩星空艺术馆门票日夜场MP",
	"label":"上海外滩",
	"price":64.5,
	"buy":52
}
{
	"id":3,
	"image":"cloud://yuncloud-k0dms.7975-yuncloud-k0dms-1254250118/list/c3.jpg",
	"title":"野生动物园",
	"list":"[上海野生动物园-大门票]含车入区大巴 支持随心退",
	"label":"含车入区大巴",
	"price":99,
	"buy":8200
}
{
	"id":4,
	"image":"cloud://yuncloud-k0dms.7975-yuncloud-k0dms-1254250118/list/c4.jpg",
	"title":"青岛游艇包船",
	"list":"青岛游艇包船钓鱼出海租赁游艇私人派对海上观光狂欢进口快艇海钓",
	"label":"私人派对海上观光",
	"price":499,
	"buy":879
}
{
	"id":5,
	"image":"cloud://yuncloud-k0dms.7975-yuncloud-k0dms-1254250118/list/c5.jpg",
	"title":"海上观光游艇",
	"list":"青岛海钓包船出海钓鱼游艇租赁深海捕鱼体验提供设备海上观光游艇",
	"label":"青岛海钓包船",
	"price":288,
	"buy":10
}
{
	"id":6,
	"image":"cloud://yuncloud-k0dms.7975-yuncloud-k0dms-1254250118/list/c6.jpg",
	"title":"牛路野营帐篷",
	"list":"牛路野营帐篷谷豪华帐篷房上海/杭州/桐乡1晚+晚餐烧烤 +营地活动",
	"label":"营地活动",
	"price":710,
	"buy":22
}
{
	"id":7,
	"image":"cloud://yuncloud-k0dms.7975-yuncloud-k0dms-1254250118/list/c7.jpg",
	"title":"上海海昌海洋公园",
	"list":"[上海海昌海洋公园-夜场票]上海海昌海洋公园门票夜场票",
	"label":"海洋公园",
	"price":148,
	"buy":924
}
{
	"id":8,
	"image":"cloud://yuncloud-k0dms.7975-yuncloud-k0dms-1254250118/list/c8.jpg",
	"title":"金山城市沙滩",
	"list":"[金山城市沙滩-大门票]上海 金山城市沙滩 大门票",
	"label":"大门票",
	"price":45,
	"buy":100
}
{
	"id":9,
	"image":"cloud://yuncloud-k0dms.7975-yuncloud-k0dms-1254250118/list/c9.jpg",
	"title":"乌镇乌村度假",
	"list":"蜗蜗游 乌镇乌村度假酒店民宿一价全包套餐西栅景区单人单晚价",
	"label":"全包套餐",
	"price":1080,
	"buy":8
}
{
	"id":10,
	"image":"cloud://yuncloud-k0dms.7975-yuncloud-k0dms-1254250118/list/c10.jpg",
	"title":"青岛豪华游艇包",
	"list":"青岛豪华游艇包船观光体验出海钓鱼租赁商务进口快艇私人派对狂欢",
	"label":"体验出海钓鱼",
	"price":9999,
	"buy":897
}
{
	"id":11,
	"image":"cloud://yuncloud-k0dms.7975-yuncloud-k0dms-1254250118/list/c11.jpg",
	"title":"上海之巅上海",
	"list":"【统一入园】上海之巅上海中心大厦118+119+B1展示观光厅门票",
	"label":"展示观光厅门票",
	"price":88.8,
	"buy":73
}
{
	"id":12,
	"image":"cloud://yuncloud-k0dms.7975-yuncloud-k0dms-1254250118/list/c12.jpg",
	"title":"上海之巅上海",
	"list":"[上海欢乐谷-大门票]上海欢乐谷门票日场票含夜场门票",
	"label":"展示观光厅门票",
	"price":188,
	"buy":1315
}