{
	"id":1,
	"image":"cloud://yuncloud-k0dms.7975-yuncloud-k0dms-1254250118/list/d1.webp",
	"title":"重回云南",
	"list":"重回云南，发现昆大丽不一样的小众美景",
	"label":"展示观光厅门票",
	"price":34,
	"buy":1390
}
{
	"id":2,
	"image":"cloud://yuncloud-k0dms.7975-yuncloud-k0dms-1254250118/list/d2.webp",
	"title":"昆明大理丽江",
	"list":"昆明大理丽江4天纯玩经典游",
	"label":"经典游",
	"price":450,
	"buy":239
}
{
	"id":3,
	"image":"cloud://yuncloud-k0dms.7975-yuncloud-k0dms-1254250118/list/d3.webp",
	"title":"云南五日游",
	"list":"云南五日游：小众玩法做不一样的烟火",
	"label":"小众玩法",
	"price":567,
	"buy":3960
}
{
	"id":4,
	"image":"cloud://yuncloud-k0dms.7975-yuncloud-k0dms-1254250118/list/d4.webp",
	"title":"云南游",
	"list":"云南四城8天7晚旅行攻略",
	"label":"旅行攻略",
	"price":5690,
	"buy":2940
}
{
	"id":5,
	"image":"cloud://yuncloud-k0dms.7975-yuncloud-k0dms-1254250118/list/d5.webp",
	"title":"昆明青旅",
	"list":"背包客们来这里，昆明青旅别错过",
	"label":"背包客",
	"price":8530,
	"buy":23
}
{
	"id":6,
	"image":"cloud://yuncloud-k0dms.7975-yuncloud-k0dms-1254250118/list/d6.webp",
	"title":"周游云南",
	"list":"老司机带你周游云南！不要错过一个天堂",
	"label":"旅游天堂",
	"price":8530,
	"buy":23
}
{
	"id":7,
	"image":"cloud://yuncloud-k0dms.7975-yuncloud-k0dms-1254250118/list/d7.webp",
	"title":"美丽云南昆明",
	"list":"围炉煮酒，昆明七家不容错过的烧烤",
	"label":"空气清新",
	"price":4890,
	"buy":145
}
{
	"id":8,
	"image":"cloud://yuncloud-k0dms.7975-yuncloud-k0dms-1254250118/list/d8.webp",
	"title":"旅游攻略",
	"list":"如何在短短4天走遍云南经典线路？",
	"label":"走遍云南",
	"price":906,
	"buy":13
}
{
	"id":9,
	"image":"cloud://yuncloud-k0dms.7975-yuncloud-k0dms-1254250118/list/d9.webp",
	"title":"昆明慢节奏",
	"list":"昆明二日游，遇到昆明慢节奏小时光",
	"label":"小时光",
	"price":647,
	"buy":91
}
{
	"id":10,
	"image":"cloud://yuncloud-k0dms.7975-yuncloud-k0dms-1254250118/list/d10.webp",
	"title":"云南攻略行",
	"list":"戏精小姐姐的7天“啰嗦”云南攻略行",
	"label":"美女云南游",
	"price":349,
	"buy":86
}
{
	"id":11,
	"image":"cloud://yuncloud-k0dms.7975-yuncloud-k0dms-1254250118/list/d11.webp",
	"title":"彩云之南",
	"list":"穿越一场风花雪月，遇见彩云之南（昆明、丽江、大理）",
	"label":"风花雪月",
	"price":7390,
	"buy":536
}
{
	"id":12,
	"image":"cloud://yuncloud-k0dms.7975-yuncloud-k0dms-1254250118/list/d12.webp",
	"title":"自由行攻略",
	"list":"云南自由行攻略，多数人都会选择的经典玩法",
	"label":"经典玩法",
	"price":4791,
	"buy":9090
}