{
	"id":1,
	"image":"cloud://yuncloud-k0dms.7975-yuncloud-k0dms/list/a1.jpg",
	"title":"普吉岛6天自由行",
	"list":"全国-普吉岛6天自由行直飞泰国旅游海岛游往返机票（可代订接机）",
	"label":"游泳豪华酒店",
	"price":1994,
	"buy":1000
}
{
	"id":2,
	"image":"cloud://yuncloud-k0dms.7975-yuncloud-k0dms/list/a2.jpg",
	"title":"普吉岛自由行",
	"list":"泰国深度旅游 全国直飞普吉岛自由行 6天4晚 机票+酒店自由组合",
	"label":"泰国深度旅游",
	"price":2000,
	"buy":999
}
{
	"id":3,
	"image":"cloud://yuncloud-k0dms.7975-yuncloud-k0dms/list/a3.jpg",
	"title":"希尔顿泰国旅游",
	"list":"普吉岛5-6天自由行 芭东新开国五网红瑞享/索菲特/希尔顿泰国旅游",
	"label":"索菲特",
	"price":3000,
	"buy":5980
}
{
	"id":4,
	"image":"cloud://yuncloud-k0dms.7975-yuncloud-k0dms/list/a4.jpg",
	"title":"泰国旅游普吉岛",
	"list":"飞猪专线【Ins网红别墅 泰国旅游普吉岛自由行7天5晚蜜月酒店机票】",
	"label":"蜜月酒店机票",
	"price":3030,
	"buy":870
}
{
	"id":5,
	"image":"cloud://yuncloud-k0dms.7975-yuncloud-k0dms/list/a5.jpg",
	"title":"泰国旅游特惠暑期预售",
	"list":"全国-曼谷芭提雅6自由行往返机票首晚酒店泰国旅游特惠暑期预售",
	"label":"曼谷芭提雅",
	"price":6758,
	"buy":950
}
{
	"id":6,
	"image":"cloud://yuncloud-k0dms.7975-yuncloud-k0dms/list/a6.jpg",
	"title":"泰国普吉岛旅游自由行",
	"list":"【泳池别墅】泰国普吉岛旅游自由行往返机票酒店7天蜜月亲子旅行",
	"label":"蜜月亲子旅行",
	"price":1234,
	"buy":998
}
{
	"id":7,
	"image":"cloud://yuncloud-k0dms.7975-yuncloud-k0dms/list/a7.jpg",
	"title":"普吉岛自由行",
	"list":"全国直飞普吉岛6天往返机票 普吉岛自由行 泰国普吉岛 机票 昆明",
	"label":"泰国普吉岛",
	"price":7659,
	"buy":356
}
{
	"id":8,
	"image":"cloud://yuncloud-k0dms.7975-yuncloud-k0dms/list/a8.jpg",
	"title":"泰国旅游海岛",
	"list":"全国出发-泰国普吉岛6日4晚自由行泰国旅游海岛游往返机票酒店",
	"label":"自由行泰国旅游",
	"price":1567,
	"buy":389
}
{
	"id":9,
	"image":"cloud://yuncloud-k0dms.7975-yuncloud-k0dms/list/a9.jpg",
	"title":"普吉岛自由行",
	"list":"春秋旅游全国出发-泰国旅游普吉岛自由行6-7日海岛旅游机票",
	"label":"海岛旅游机票",
	"price":1554,
	"buy":289
}
{
	"id":10,
	"image":"cloud://yuncloud-k0dms.7975-yuncloud-k0dms/list/a10.jpg",
	"title":"泰国海岛游机票",
	"list":"成都-甲米普吉岛5天4晚自由行泰国海岛游机票+酒店+接送",
	"label":"甲米普吉岛",
	"price":1890,
	"buy":865
}
{
	"id":11,
	"image":"cloud://yuncloud-k0dms.7975-yuncloud-k0dms/list/a11.webp",
	"title":"丽江·跟团游",
	"list":"云南旅游纯玩团昆明大理丽江5天4晚跟团游洱海亲子五日升级双动车",
	"label":"昆明大理丽江",
	"price":1019,
	"buy":5419
}
{
	"id":12,
	"image":"cloud://yuncloud-k0dms.7975-yuncloud-k0dms/list/a12.webp",
	"title":"曼谷·自由行",
	"list":"全国直飞曼谷芭提雅8天自由行飞猪泰国海岛旅游往返机票",
	"label":"直飞曼谷芭提雅",
	"price":800,
	"buy":20
}
{
	"id":13,
	"image":"cloud://yuncloud-k0dms.7975-yuncloud-k0dms/list/a13.webp",
	"title":"青岛·国内门票",
	"list":"[青岛海上嘉年华探险乐园-琴岛之眼摩天轮]一圈13分14秒~就像爱情一样SD",
	"label":"嘉年华探险乐园",
	"price":32,
	"buy":184
}
{
	"id":14,
	"image":"cloud://yuncloud-k0dms.7975-yuncloud-k0dms/list/a14.webp",
	"title":"迪拜·跟团游",
	"list":"全国多地出发/成都重庆昆明出发到阿联酋迪拜跟团游5-7天迪拜旅游",
	"label":"阿联酋迪拜",
	"price":1994,
	"buy":208
}
{
	"id":15,
	"image":"cloud://yuncloud-k0dms.7975-yuncloud-k0dms/list/a15.webp",
	"title":"甲米·自由行",
	"list":"全国-甲米6天5晚自由行 泰国海岛旅游 机票+奢华酒店+专车接送机",
	"label":"泰国海岛旅游",
	"price":188,
	"buy":708
}
{
	"id":16,
	"image":"cloud://yuncloud-k0dms.7975-yuncloud-k0dms/list/a16.webp",
	"title":"大理·当地玩乐",
	"list":"大理旅拍环洱海一日游丽江纯玩 4人小团吉普包车跟拍拼车天空之镜",
	"label":"一日游丽江",
	"price":1660,
	"buy":193
}
{
	"id":17,
	"image":"cloud://yuncloud-k0dms.7975-yuncloud-k0dms/list/a17.webp",
	"title":"昆明·跟团游",
	"list":"【二环接】昆明抚仙湖石林一日游纯玩昆明旅游吃铜锅鱼2小时游船",
	"label":"昆明旅游",
	"price":177,
	"buy":833
}
{
	"id":18,
	"image":"cloud://yuncloud-k0dms.7975-yuncloud-k0dms/list/a18.webp",
	"title":"丽江·自由行",
	"list":"云南旅游丽江大理5天4晚自由行含全国直飞机票云南丽江大理旅游",
	"label":"云南丽江大理",
	"price":1990,
	"buy":1870
}
{
	"id":19,
	"image":"cloud://yuncloud-k0dms.7975-yuncloud-k0dms/list/a19.webp",
	"title":"红河·当地玩乐",
	"list":"弥勒自由行弥勒东风韵青年艺术客栈甲玉泉天池都温泉门票2张",
	"label":"玉泉天池",
	"price":440,
	"buy":6
}
{
	"id":20,
	"image":"cloud://yuncloud-k0dms.7975-yuncloud-k0dms/list/a20.webp",
	"title":"大理·跟团游",
	"list":"卡巴兔云南旅游大理丽江两日游 洱海骑行大理古城纯玩跟团二日游",
	"label":"洱海骑行",
	"price":310,
	"buy":461
}
{
	"id":21,
	"image":"cloud://yuncloud-k0dms.7975-yuncloud-k0dms/list/a21.webp",
	"title":"塞班·自由行",
	"list":"美国塞班岛自由行 5天4晚旅游含机票酒店 送军舰岛 全国出发",
	"label":"塞班岛自由行",
	"price":2299,
	"buy":4714
}
{
	"id":22,
	"image":"cloud://yuncloud-k0dms.7975-yuncloud-k0dms/list/a22.webp",
	"title":"红河·当地玩乐",
	"list":"弥勒2天1晚自由行 泊心温泉酒店 不限次数温泉 高铁站接送 早餐",
	"label":"泊心温泉酒店",
	"price":422,
	"buy":122
}
{
	"id":23,
	"image":"cloud://yuncloud-k0dms.7975-yuncloud-k0dms/list/a23.webp",
	"title":"普吉·跟团游",
	"list":"泰国旅游 普吉岛6天5晚跟团含机票半自由行暑假亲子",
	"label":"自由行",
	"price":3999,
	"buy":2891
}
{
	"id":24,
	"image":"cloud://yuncloud-k0dms.7975-yuncloud-k0dms/list/a24.webp",
	"title":"清迈·自由行",
	"list":"全国-清迈6天自由行 泰国清莱拜县出境旅游 往返机票+专车接机",
	"label":"泰国清莱",
	"price":1699,
	"buy":94
}
{
	"id":25,
	"image":"cloud://yuncloud-k0dms.7975-yuncloud-k0dms/list/a25.webp",
	"title":"昆明·当地玩乐",
	"list":"【拍下176双人优惠】昆明七彩云南欢乐世界门票成人票大学生票",
	"label":"七彩云南",
	"price":99,
	"buy":273
}
{
	"id":26,
	"image":"cloud://yuncloud-k0dms.7975-yuncloud-k0dms/list/a26.webp",
	"title":"普吉·跟团游",
	"list":"网红新选泰国旅游 普吉岛6天5晚纯玩0自费小包团2天自由行含机票",
	"label":"泰国旅游",
	"price":2660,
	"buy":1810
}
{
	"id":27,
	"image":"cloud://yuncloud-k0dms.7975-yuncloud-k0dms/list/a27.webp",
	"title":"巴厘岛·自由行",
	"list":"网红新选【ins别墅】巴厘岛旅游5天4晚自由行漂浮早餐科莫多国庆",
	"label":"巴厘岛旅游",
	"price":3599,
	"buy":1877
}
{
	"id":28,
	"image":"cloud://yuncloud-k0dms.7975-yuncloud-k0dms/list/a28.webp",
	"title":"丽江·当地玩乐",
	"list":"大理二日游 2天1晚大洱海双廊苍山两日游飞猪旅行纯玩团 云南旅游",
	"label":"苍山两日游",
	"price":500,
	"buy":1576
}
{
	"id":29,
	"image":"cloud://yuncloud-k0dms.7975-yuncloud-k0dms/list/a29.webp",
	"title":"芽庄·跟团游",
	"list":"多地直飞越南芽庄6天4晚半自助跟团游 蜜月亲子珍珠岛+0自费",
	"label":"蜜月亲子",
	"price":1499,
	"buy":191
}
{
	"id":30,
	"image":"cloud://yuncloud-k0dms.7975-yuncloud-k0dms/list/a30.webp",
	"title":"普吉·自由行",
	"list":"普吉岛自由行 全国多地直飞普吉6天5晚可升五星酒店 泰国旅游",
	"label":"蜜月亲子",
	"price":2380,
	"buy":660
}
{
	"id":31,
	"image":"cloud://yuncloud-k0dms.7975-yuncloud-k0dms/list/a31.webp",
	"title":"昆明·国内门票",
	"list":"[华侨城温泉水公园-温泉门票]云南昆明阳宗海 华侨城温...",
	"label":"云南昆明",
	"price":119,
	"buy":307
}
{
	"id":32,
	"image":"cloud://yuncloud-k0dms.7975-yuncloud-k0dms/list/a32.webp",
	"title":"曼谷·跟团游",
	"list":"飞猪专线泰国旅游纯玩团曼谷芭提雅象雅岛6天5晚五星酒店半自由行",
	"label":"曼谷芭提雅象",
	"price":2260,
	"buy":1865
}
{
	"id":33,
	"image":"cloud://yuncloud-k0dms.7975-yuncloud-k0dms/list/a33.webp",
	"title":"济州岛·自由行",
	"list":"全国多地-首尔济州岛4-5天自由行韩国首尔旅游 代订往返含税机票",
	"label":"韩国首尔旅游",
	"price":1250,
	"buy":64
}
{
	"id":34,
	"image":"cloud://yuncloud-k0dms.7975-yuncloud-k0dms/list/a34.webp",
	"title":"昆明·国内门票",
	"list":"[昆明花都海洋世界-大门票]昆明花都海洋世界门票",
	"label":"昆明花都",
	"price":180,
	"buy":76
}
{
	"id":35,
	"image":"cloud://yuncloud-k0dms.7975-yuncloud-k0dms/list/a35.webp",
	"title":"曼谷·跟团游",
	"list":"网红新选泰国旅游曼谷芭提雅沙美岛6天5晚跟团游纯玩半自助含机票",
	"label":"泰国旅游",
	"price":2160,
	"buy":4721
}
{
	"id":36,
	"image":"cloud://yuncloud-k0dms.7975-yuncloud-k0dms/list/a36.webp",
	"title":"毛里求斯·自由行",
	"list":"爱游 全国飞毛里求斯旅游7天5晚自由行 网红泡泡屋五星洲际海景房",
	"label":"五星洲际海景房",
	"price":8299,
	"buy":488
}
{
	"id":37,
	"image":"cloud://yuncloud-k0dms.7975-yuncloud-k0dms/list/a37.webp",
	"title":"重庆·国内门票",
	"list":"[云阳龙缸-大门票]重庆云阳龙缸-大门票",
	"label":"云阳龙缸",
	"price":93,
	"buy":408
}
{
	"id":38,
	"image":"cloud://yuncloud-k0dms.7975-yuncloud-k0dms/list/a38.webp",
	"title":"巴黎·跟团游",
	"list":"全国-欧洲旅游德国法国意大利瑞士巴黎12天跟团游 西欧多地连游",
	"label":"欧洲旅游",
	"price":3999,
	"buy":499
}
{
	"id":39,
	"image":"cloud://yuncloud-k0dms.7975-yuncloud-k0dms/list/a39.webp",
	"title":"普吉·自由行",
	"list":"全国直飞普吉岛6天往返机票 普吉岛自由行 泰国普吉岛 机票 昆明",
	"label":"普吉岛自由行",
	"price":1600,
	"buy":205
}
{
	"id":40,
	"image":"cloud://yuncloud-k0dms.7975-yuncloud-k0dms/list/a40.jpgwebp",
	"title":"洛阳·跟团游",
	"list":"河南洛阳出发 龙门石窟白马寺+龙潭峡二日游纯玩 郑州洛阳周边游",
	"label":"洛阳周边游",
	"price":459,
	"buy":20
}