	{
		"id":1,
		"name":"推荐",
		"nav":"recommend",
		"title":"猜你喜欢"
	}
	{
		"id":2,
		"name":"好景点",
		"nav":"attract",
		"title":"周末放空"
	}
	{
		"id":3,
		"name":"人文",
		"nav":"humen",
		"title":"文化之旅"
	}
	{
		"id":4,
		"name":"海岛",
		"nav":"island",
		"title":"阳光与沙滩"
	}
	{
		"id":5,
		"name":"自由行",
		"nav":"free",
		"title":"超值精选"
	}
	{
		"id":6,
		"name":"网红",
		"nav":"online",
		"title":"最火打卡地"
	}