{
	"pages": [ //pages数组中第一项表示应用启动页，参考：https://uniapp.dcloud.io/collocation/pages
		{
			"path": "pages/index/index",
			"style": {
				"navigationBarTitleText": "生如夏花旅途"
			}
		},
		{
			"path": "pages/strategy/strategy",
			"style": {
				"navigationBarTitleText": "攻略"
			}
		},
		{
			"path": "pages/my/my",
			"style": {
				"navigationBarTitleText": "我的"
			}
		},
		{
			"path": "pages/details/details",
			"style": {
				"navigationBarTitleText": "详情"
			}
		},
		{
			"path": "pages/travels/travels",
			"style": {
				"navigationBarTitleText": "发表旅行游记"
			}
		},
		{
			"path": "pages/city/city",
			"style": {
				"navigationBarTitleText": "选择城市"
			}
		},
		{
			"path": "pages/search/search",
			"style": {
				"navigationBarTitleText": "景点搜索"
			}
		},
		{
			"path": "pages/business/business",
			"style": {
				"navigationBarTitleText": "景点详情"
			}
		},
		{
			"path": "pages/cart/cart",
			"style": {
				"navigationBarTitleText": "订单详情"
			}
		},
		{
			"path": "pages/MyCart/mycart",
			"style": {
				"navigationBarTitleText": "购物车"
			}
		},
		{
			"path": "pages/order/order",
			"style": {
				"navigationBarTitleText": "填写订单"
			}
		},
		{
			"path": "pages/Myorder/myorder",
			"style": {
				"navigationBarTitleText": "我的订单"
			}
		},
		{
			"path": "pages/kecheng/kecheng",
			"style": {
				"navigationBarTitleText": "课程补录公告"
			}
		},
		{
			"path": "pages/course/course",
			"style": {
				"navigationBarTitleText": "老师课程"
			}
		}
	],
	"globalStyle": {
		"navigationBarTextStyle": "black",
		"navigationBarTitleText": "uni-app",
		"navigationBarBackgroundColor": "#ffd300",
		"backgroundColor": "#ffd300"
	},
	"tabBar": {
	    "color": "#333333",
	    "selectedColor": "#F76E15",
	    "borderStyle": "black",
	    "backgroundColor": "#FFFFFF",
	    "list": [{
	        "pagePath": "pages/index/index",
	        "iconPath": "static/tab/list.png",
	        "selectedIconPath": "static/tab/listb.png",
	        "text": "首页"
	    }, 
		{
	        "pagePath": "pages/strategy/strategy",
	        "iconPath": "static/tab/gonglvea.png",
	        "selectedIconPath": "static/tab/gonglveb.png",
	        "text": "攻略"
	    },
		 {  
		    "pagePath": "pages/my/my",
		    "iconPath": "static/tab/wodea.png",
		    "selectedIconPath": "static/tab/wodeb.png",
		    "text": "我的"
		}
		]
	},
	"permission": {
		"scope.userLocation": {
		"desc": "你的位置信息将用于小程序位置接口的效果展示"
		}
	}
}
